area
"Cynthiana, KY"
"Garapan--Dandan, MP"
"Mojave, CA"
"Turlock, CA"
"Perryton, TX"
"Opp, AL"
"Houlton, ME"
"Chillicothe, OH"
"Richmond, KY"
"Coldwater, OH"
"Artesia, NM"
"Burlington, CO"
"Bolivar, OH"
"Vineyard Haven, MA"
"Clarksville, TX"
"Marshall, MN"
"Summerville, GA"
"Ocala, FL"
"Roxborough Park, CO"
"East Prospect, PA"
"Valdosta, GA"
"Kokomo, IN"
"Stafford Springs, CT"
"Commerce, TX"
"Orangetree, FL"
"Lake Land'Or, VA"
"Kapaau, HI"
"Lake Conroe Northshore, TX"
"Checotah, OK"
"Daingerfield, TX"
"Alturas, CA"
"Friona, TX"
"Houghton, MI"
"Vandenberg AFB, CA"
"Shelley, ID"
"Crestview, FL"
"Holton, KS"
"Nacogdoches, TX"
"Fayette, AL"
"Rexburg, ID"
"Elkton, VA"
"Valentine, NE"
"Poinciana, FL"
"Momence, IL"
"Dixon, CA"
"Arvin, CA"
"Newport, PA"
"Erwin, TN"
"Bellville, TX"
"Kewanee, IL"
"Key Largo, FL"
"Chadron, NE"
"Big Bear City, CA"
"Henryetta, OK"
"Virginia Beach, VA"
"Village of Four Seasons, MO"
"Minden, NE"
"Sulphur, OK"
"Monroe, GA"
"Troy, MO"
"Carbondale, IL"
"Kerrville, TX"
"Manti, UT"
"Hartford, CT"
"Burlington, IA--IL"
"Spruce Pine, NC"
"Giddings, TX"
"Cokato, MN"
"Shady Side--Deale, MD"
"World Golf Village, FL"
"New Ulm, MN"
"Danville, VA--NC"
"Abbotsford, WI"
"Glendive, MT"
"New Orleans, LA"
"Red Wing, MN"
"Monticello, IN"
"Santa Cruz, CA"
"Halls, TN"
"Seymour (Outagamie County), WI"
"Middlebury, IN"
"Ephraim, UT"
"Harrisonville, MO"
"Scott City, MO"
"Lebanon, PA"
"Denton, MD"
"Portland, OR--WA"
"Chardon, OH"
"Hondo, TX"
"Bastrop, LA"
"Weatherford, OK"
"Port Townsend, WA"
"Spartanburg, SC"
"Lexington, TN"
"Mayodan, NC"
"Mazomanie, WI"
"Bullhead City, AZ--NV"
"Lakeland, GA"
"Jeanerette, LA"
"Girard, KS"
"Holly, MI"
"Itta Bena, MS"
"Harlan, IA"
"Lytle, TX"
"Omak, WA"
"Newberg, OR"
"Macon, GA"
"Pocono Woodland Lakes, PA"
"Floresville, TX"
"Connersville, IN"
"Delhi, LA"
"Lake of the Woods, VA"
"Vermillion, SD"
"Wilmore, KY"
"Sunset, LA"
"Connell, WA"
"Thayer, MO--AR"
"Ulysses, KS"
"Canby, OR"
"Douglas, MI"
"Knoxville, TN"
"Livermore Falls, ME"
"Brady, TX"
"Alpena, MI"
"Kutztown, PA"
"Barnwell, SC"
"Trenton, IL"
"Paintsville, KY"
"Covington, IN"
"Columbus, OH"
"Crooksville, OH"
"Dyersville, IA"
"Delta, OH"
"Diboll, TX"
"Waconia, MN"
"Davis, OK"
"Mamou, LA"
"Monticello, KY"
"Lincoln, NE"
"Berne, IN"
"Newport, AR"
"Detroit Lakes, MN"
"Nogales, AZ"
"Billings, MT"
"Johnstown, PA"
"Paris, AR"
"Myrtle Beach--Socastee, SC--NC"
"Perham, MN"
"Greencastle, IN"
"Stamford, TX"
"Sparta, IL"
"Odessa, MO"
"Monroe, LA"
"Delano, MN"
"Otisville, NY"
"Denver--Aurora, CO"
"Osawatomie, KS"
"Portage, PA"
"Mayfield, KY"
"Desert Hot Springs, CA"
"Shelton, WA"
"Coshocton, OH"
"Windsor, NC"
"Hilo, HI"
"Rice Lake, WI"
"Bishopville, SC"
"Lindsay, CA"
"Wrightsville, GA"
"Dubuque, IA--IL"
"Louisburg, NC"
"Lancaster, KY"
"Cadiz, OH"
"Devine, TX"
"Butner, NC"
"Muncie, IN"
"Winnsboro, SC"
"St. Helena, CA"
"Laurinburg, NC"
"Tea, SD"
"Ocean Pines, MD--DE"
"Arizona City, AZ"
"Cherokee, IA"
"Marysville, WA"
"Lexington Park--California--Chesapeake Ranch Estates, MD"
"Littleton, NH"
"Morgan City, LA"
"Benson, MN"
"Pleasant View, TN"
"High Springs, FL"
"Rochester, IN"
"Quitman, GA"
"Pacific, MO"
"Long Neck, DE"
"Santa Paula, CA"
"Bryan, OH"
"Chester, NY"
"Ely, MN"
"Peoria, IL"
"Fergus Falls, MN"
"Indiantown, FL"
"Iowa Falls, IA"
"Vacaville, CA"
"Pahrump, NV"
"Bremen, GA"
"Attica, IN"
"Edinboro, PA"
"Port Isabel--Laguna Heights, TX"
"Las Vegas--Henderson, NV"
"Hastings, MI"
"Presque Isle, ME"
"Lindsay, OK"
"Belfair, WA"
"Salem, IN"
"McAlester, OK"
"Emmetsburg, IA"
"Longmont, CO"
"Sallisaw, OK"
"Muskogee, OK"
"Ware, MA"
"Sparta, GA"
"Baltimore, OH"
"Vassar, MI"
"Shelby, OH"
"White Rock, NM"
"Kinross, MI"
"Waynesburg, PA"
"Lake Monticello, VA"
"Glouster, OH"
"Bonadelle Ranchos-Madera Ranchos, CA"
"San Diego, TX"
"Texas City, TX"
"Le Mars, IA"
"Eagle, CO"
"Monterey, TN"
"Stephenville, TX"
"Tri-City--Myrtle Creek, OR"
"Presidio, TX"
"Springfield, MO"
"Pine Grove, PA"
"Millsboro, DE"
"Napa, CA"
"Half Moon Bay, CA"
"Weatherford, TX"
"Osceola, IA"
"Vidalia, GA"
"Yoakum, TX"
"Lake Bryant, FL"
"Branson, MO"
"Rochelle, IL"
"Ozona, TX"
"Camano North, WA"
"Welch, WV"
"Winnsboro, TX"
"Grandview, WA"
"Cambridge, WI"
"Comfort, TX"
"Sandusky, OH"
"Justin, TX"
"Nelsonville, OH"
"Heritage Lake, IN"
"Bayard, NM"
"Washington, GA"
"Taylorsville, NC"
"Dixon, IL"
"Springfield, TN"
"Fearrington Village, NC"
"Sitka, AK"
"Aubrey, TX"
"Mason City, IA"
"Arcadia, LA"
"Guerneville, CA"
"Santa Isabel, PR"
"Charlottesville, VA"
"Sidney, NE"
"Millinocket, ME"
"Many, LA"
"Tappahannock, VA"
"Poplar Bluff, MO"
"Hicksville, OH"
"Parker, AZ--CA"
"Moapa Valley, NV"
"Pittsburgh, PA"
"Lebanon, MO"
"Rockingham--Hamlet, NC"
"Charlevoix, MI"
"Jackson--Wellston, OH"
"Keyser, WV--MD"
"Cedarville, OH"
"Cincinnati, OH--KY--IN"
"Port Jervis, NY--PA"
"Starke, FL"
"Fort Dodge, IA"
"Orange City, IA"
"Lake of the Pines, CA"
"Murray, KY"
"South Lake Tahoe, CA--NV"
"Abilene, TX"
"Elroy, TX"
"Clewiston, FL"
"Provo--Orem, UT"
"Lake Providence, LA"
"Nicholasville, KY"
"Grafton, WV"
"Dell Rapids, SD"
"Santa Rosa, CA"
"Canton, NY"
"DuBois, PA"
"Lena, IL"
"Kingsport, TN--VA"
"Grass Valley, CA"
"Pierre Part, LA"
"Thomaston, GA"
"Calais, ME"
"Bennington, VT"
"Lebanon, VA"
"Barstow, CA"
"Birch Bay, WA"
"Taneytown, MD"
"Ames, IA"
"Mammoth Lakes, CA"
"Okeechobee--Taylor Creek, FL"
"Peru, IN"
"Camp Verde, AZ"
"Kearney, MO"
"Siler City, NC"
"Bloomsburg--Berwick, PA"
"Humboldt, TN"
"Carrollton, OH"
"Brent, AL"
"Hillsdale, MI"
"Rancho Murieta, CA"
"Hutchinson, KS"
"Lake Village, AR"
"Diamondhead, MS"
"Olney, TX"
"Estherville, IA"
"Hastings, NE"
"Pinehurst--Southern Pines, NC"
"Sherman, TX"
"Cookeville, TN"
"Show Low, AZ"
"Corning, CA"
"Morgantown, WV"
"Yadkinville, NC"
"Sweeny, TX"
"Tipton, IA"
"Pleasanton, TX"
"Nashville, GA"
"Las Cruces, NM"
"Ashdown, AR"
"Charles Town--Ranson, WV"
"Holbrook, AZ"
"Colorado Springs, CO"
"Holland, MI"
"Littlefield, TX"
"Zuni Pueblo, NM"
"Chaffee, MO"
"Sarasota--Bradenton, FL"
"Clanton, AL"
"Ticonderoga, NY"
"Watkins Glen, NY"
"Williamsport, PA"
"Millstadt, IL"
"Sabina, OH"
"Vail, AZ"
"Sheldon, IA"
"Morehead City, NC"
"Aumsville, OR"
"Skowhegan, ME"
"Hampton, IA"
"Bridgeport--Stamford, CT--NY"
"Portsmouth, NH--ME"
"Bandon, OR"
"Medina, NY"
"Dover--Rochester, NH--ME"
"Lexington, NE"
"Austin, TX"
"Bozeman, MT"
"Ripon, WI"
"Winfield, KS"
"Augusta, KS"
"Clinton, NC"
"Upper Greenwood Lake, NJ"
"Boerne, TX"
"Arcade, NY"
"Greenville, PA"
"Trenton, MO"
"Canton, IL"
"Molalla, OR"
"Knoxville, IA"
"Devils Lake, ND"
"Prescott, WI"
"Great Barrington, MA"
"South Bend, IN--MI"
"Jasper, IN"
"Waldport, OR"
"Platte City, MO"
"Rupert, ID"
"Watonga, OK"
"Haskell, TX"
"Breckenridge, TX"
"Belzoni, MS"
"Indianola, WA"
"Lindsborg, KS"
"El Dorado, AR"
"Independence, IA"
"Mount Pocono--Emerald Lakes, PA"
"Fayetteville, TN"
"Geneva, NY"
"Central City--Greenville, KY"
"Polson, MT"
"Charleston, MO"
"Glenwood Springs, CO"
"American Falls, ID"
"Magee, MS"
"El Paso, IL"
"Crystal City, TX"
"Sturgeon Bay, WI"
"Athol, MA"
"Alexandria, MN"
"Clinton, MO"
"Crescent City, FL"
"Mendota, CA"
"Springs, NY"
"Watsonville, CA"
"Carrizo Springs, TX"
"Greenbrier, AR"
"Graceville, FL"
"Fairmont, NC"
"Brinkley, AR"
"Canadian, TX"
"Andrews, TX"
"Auburn, AL"
"Eunice, LA"
"Libby, MT"
"Redwood Falls, MN"
"Haleiwa--Waialua--Pupukea, HI"
"Montgomery City, MO"
"Yucca Valley, CA"
"Louisville, GA"
"Oneida, TN"
"Fulton, MO"
"Oceana, WV"
"Yauco, PR"
"Pelham, GA"
"Andrews, SC"
"Monroe, WI"
"Alamosa, CO"
"Twin Falls, ID"
"Yorkville, GA"
"Victoria, TX"
"Belterra, TX"
"Sylvan Beach, NY"
"Waikoloa Village, HI"
"New Roads, LA"
"Fillmore, CA"
"Rio Rico Northeast, AZ"
"Woodstock, AL"
"Leominster--Fitchburg, MA"
"Fremont, NE"
"Hannibal, MO"
"Ocala Estates, FL"
"Bad Axe, MI"
"De Soto, MO"
"Saginaw, MI"
"Coco--Salinas, PR"
"Holiday Shores, IL"
"Baxley, GA"
"Jamestown, ND"
"Eureka, IL"
"Sweetwater, TN"
"Macon, MS"
"Henderson, TX"
"Farmington, ME"
"Middlefield, OH"
"Dickson, TN"
"Kill Devil Hills, NC"
"Spout Springs, NC"
"Harrington, DE"
"East Aurora, NY"
"St. Charles, MN"
"Mount Carmel, IL"
"Deerwood, TX"
"Sheridan, OR"
"Uvalde, TX"
"Chelan, WA"
"Ashtabula, OH"
"Bushnell, FL"
"New Madrid, MO"
"Monmouth, IL"
"Potsdam, NY"
"Indianola, MS"
"Oelwein, IA"
"Pine Ridge, SD"
"Colorado City, AZ--UT"
"Hornell, NY"
"Burnt Store Marina, FL"
"Rockville, IN"
"Boulder City, NV"
"Versailles, KY"
"Abingdon, IL"
"Lawrence, KS"
"Litchfield, IL"
"Franklin, LA"
"Norton, KS"
"Butler, IN"
"Los Angeles--Long Beach--Anaheim, CA"
"Swansboro, NC"
"Marysville, OH"
"Whitefish, MT"
"Shallowater, TX"
"Lake Placid, NY"
"Mexia, TX"
"Kalispell, MT"
"Watertown, MN"
"Gilroy--Morgan Hill, CA"
"Rayne, LA"
"Redding, CA"
"Huron, SD"
"McKenzie, TN"
"Avon, NY"
"Charlotte, NC--SC"
"Clarksdale, MS"
"Bellefonte, PA"
"Kalamazoo, MI"
"Hammonton, NJ"
"Havelock, NC"
"Nevada, IA"
"Dalton, GA"
"Wetumpka, AL"
"Hawthorne, NV"
"Lincoln, IL"
"Marshall, WI"
"Highland Oaks, TX"
"Lebanon, OR"
"Bloomington, IN"
"Poteet, TX"
"Benton, LA"
"Montgomery, AL"
"Carlyle, IL"
"Scottsville, KY"
"Gridley, CA"
"Oswego, NY"
"Winters, CA"
"Warsaw, MO"
"Montgomery, PA"
"Wapakoneta, OH"
"Beatrice, NE"
"Coxsackie, NY"
"Tell City, IN--KY"
"Thief River Falls, MN"
"Decatur, IL"
"The Dalles, OR--WA"
"Yazoo City, MS"
"Ava, MO"
"Butte-Silver Bow, MT"
"Van Wert, OH"
"Crockett, TX"
"Manistique, MI"
"Lindstrom--Chisago City, MN"
"Frankfort, IN"
"Celina, OH"
"Ellsworth, ME"
"Kennebunk, ME"
"Camden, TN"
"Centreville, MD"
"Douglas, WY"
"Soperton, GA"
"Cedaredge, CO"
"Galt, CA"
"Anadarko, OK"
"Gladwin, MI"
"Camarillo, CA"
"Glenwood, MD"
"Forest Lake, MN"
"West Bend, WI"
"Maricopa, AZ"
"Murfreesboro, TN"
"Pukalani--Makawao--Haiku-Pauwela, HI"
"Holden Beach, NC"
"Monmouth--Independence, OR"
"Lindale--Hideaway, TX"
"Geneva, OH"
"Phelan, CA"
"Corcoran, CA"
"Malden, MO"
"David City, NE"
"Hollandale, MS"
"Columbus, IN"
"Smithville, TN"
"Boston, MA--NH--RI"
"Nevada, MO"
"New Bern, NC"
"Fort Collins, CO"
"Sullivan, IN"
"St. Pauls, NC"
"Demopolis, AL"
"Lewes, DE"
"Princeton, KY"
"San Juan, PR"
"Dover, DE"
"Silver Creek, NY"
"Charlestown, RI"
"Lake Panasoffkee, FL"
"Grantsville, UT"
"Winnfield, LA"
"Twin Lakes, VA"
"Tuscaloosa, AL"
"Gainesville, TX"
"Franklin--Highland Lake, NJ"
"Presidential Lakes Estates, NJ"
"Kasson, MN"
"Galion, OH"
"West Frankfort, IL"
"Corning, NY"
"Centerville, IA"
"Gardnerville Ranchos, NV"
"Harrison, MI"
"Richmond, VA"
"Bridgeville, DE"
"Storm Lake, IA"
"St. Johnsbury, VT"
"Estacada, OR"
"North Branch, MN"
"Mitchell, IN"
"Piggott, AR"
"Mount Morris, NY"
"San Angelo, TX"
"Sterling, IL"
"Wilburton, OK"
"Beloit, KS"
"DeRidder, LA"
"Firestone--Frederick, CO"
"Lafayette, IN"
"Oak Harbor, OH"
"Perry, MI"
"Little Falls, NY"
"Jackson, MN"
"Windsor, VT--NH"
"Holly Springs, MS"
"Crystal Springs, MS"
"Le Roy, NY"
"McComb, MS"
"Hominy, OK"
"Wisconsin Rapids, WI"
"Richlands, VA"
"Strawberry Plains, TN"
"Burlington, VT"
"Buffalo, WY"
"Morristown, TN"
"Lowell, MI"
"San Joaquin, CA"
"Temple, TX"
"Pensacola, FL--AL"
"Tahoka, TX"
"Ponca City, OK"
"Circleville, OH"
"Wonder Lake, IL"
"Broken Bow, OK"
"Dumas, AR"
"McFarland, CA"
"Greenwood, SC"
"Hampshire, IL"
"Milton, VT"
"Columbus, GA--AL"
"Gaylord, MI"
"Salem, IL"
"Lanai City, HI"
"Georgetown, DE"
"Lee, MA"
"Franklin, VA"
"Atlanta, TX"
"Greenville, NC"
"Jacksonville, FL"
"Kaplan, LA"
"Willard, MO"
"Greensboro, GA"
"Amory, MS"
"New Freedom--Shrewsbury, PA--MD"
"Estrella, AZ"
"Creswell, OR"
"Kiel--New Holstein, WI"
"Wewoka, OK"
"Gonzales, CA"
"Fernandina Beach, FL"
"Lincoln City, OR"
"Green River, WY"
"Genoa, IL"
"San Jose, CA"
"Kemmerer, WY"
"Dawson, GA"
"Rio Dell, CA"
"Willard, OH"
"Ruston, LA"
"Portland, ME"
"Arab, AL"
"Manchester, MD"
"Bellows Falls, VT--NH"
"Picayune, MS"
"Prairie View, TX"
"New Lebanon, OH"
"Ottawa, KS"
"Cottonport, LA"
"Golden Beach, MD"
"Sebring--Avon Park, FL"
"Battle Creek, MI"
"Bolivar, MO"
"Boone, NC"
"Beaumont, TX"
"Karnes City, TX"
"Tallahassee, FL"
"Salina, KS"
"Mascoutah, IL"
"Cleveland, GA"
"Safford, AZ"
"Huntsville, AL"
"Hillsboro, TX"
"Mangum, OK"
"Riverdale, CA"
"Live Oak, FL"
"Snyder, TX"
"Hazlehurst, GA"
"Paris, KY"
"Rome, GA"
"Madison, IN--KY"
"Gilman, IL"
"Plattsburgh, NY"
"Weiser, ID--OR"
"Clarksville, AR"
"Whitesboro, TX"
"Gainesville, FL"
"Elk City, OK"
"Carthage, MS"
"Cambridge, OH"
"Owosso, MI"
"Torrington, WY"
"Norwich, NY"
"Tiffin, OH"
"Conrad, MT"
"Malvern, OH"
"Sheridan, AR"
"Oconto, WI"
"Baltimore, MD"
"Tupper Lake, NY"
"Urban Honolulu, HI"
"Eastland, TX"
"Agat, GU"
"State College, PA"
"Miami, FL"
"Brownstown, IN"
"Hood River, OR--WA"
"Grove City, PA"
"Jasper, GA"
"Shady Cove, OR"
"Lago Vista, TX"
"Harlem, GA"
"Northfield, MN"
"Summersville, WV"
"Iowa Park, TX"
"Hardeeville, SC"
"McLeansboro, IL"
"Anaconda-Deer Lodge County, MT"
"Somerset, KY"
"Fayetteville--Springdale--Rogers, AR--MO"
"Lake Holiday, IL"
"Louisburg, KS"
"Malone, NY"
"Sequim, WA"
"Orwigsburg, PA"
"Fort Leonard Wood, MO"
"Clarksville, TN--KY"
"Antigo, WI"
"Sanford, NC"
"Breaux Bridge, LA"
"Thomasville, GA"
"Shepherdstown, WV--MD"
"Prescott Valley--Prescott, AZ"
"Mountain Home, ID"
"Brookhaven, MS"
"De Motte, IN"
"Fort Walton Beach--Navarre--Wright, FL"
"Salamanca, NY"
"Hazard, KY"
"Decorah, IA"
"Falls City, NE"
"Lawrenceburg, TN"
"Jim Thorpe, PA"
"Shamokin--Mount Carmel, PA"
"Staunton--Waynesboro, VA"
"Lewisburg, TN"
"Bardstown, KY"
"Brillion, WI"
"Barrow, AK"
"Hesston, KS"
"Bluffton, IN"
"Warrensburg, NY"
"Neodesha, KS"
"Stayton, OR"
"Brownwood, TX"
"Newaygo, MI"
"Omro, WI"
"Fairfield Glade, TN"
"Clear Lake, IA"
"Oshkosh, WI"
"Evergreen, AL"
"Kalaheo, HI"
"Milwaukee, WI"
"San Germán--Cabo Rojo--Sabana Grande, PR"
"Peaceful Valley, WA"
"Bald Knob, AR"
"Farmersville, TX"
"Shiprock, NM"
"Crowley, LA"
"Plainview, MN"
"Brockway, PA"
"Pulaski, VA"
"Harrisburg, SD"
"Fraser, CO"
"Columbia City, IN"
"Camden, ME"
"Aztec, NM"
"Aurora, MO"
"Corvallis, OR"
"Live Oak (Sutter County), CA"
"Three Rivers, MI"
"Sabetha, KS"
"Norris, TN"
"Loogootee, IN"
"Manchester, GA"
"Columbus, WI"
"Florence, AL"
"Manitowoc, WI"
"New Richmond, OH"
"Glasgow, MT"
"Winchester, TN"
"Phillipsburg, KS"
"Joplin, MO"
"Cumberland, KY"
"Cloverdale, CA"
"Irvine, KY"
"Grenada, MS"
"Heber Springs, AR"
"Sodus, NY"
"Winona, MN"
"Prineville, OR"
"Basalt--El Jebel, CO"
"Lake Pocotopaug--East Hampton, CT"
"Buckhead (Bryan County), GA"
"Mount Holly Springs, PA"
"Rome, NY"
"Fort Atkinson, WI"
"Union, SC"
"Dansville, NY"
"Geneseo, IL"
"Berryville, AR"
"Clearfield, PA"
"Pocahontas, AR"
"Rockland, ME"
"Albertville, AL"
"Fort Madison, IA--IL"
"Booneville, AR"
"Fairbury, IL"
"Sheridan, WY"
"Fairmount, IN"
"Veneta, OR"
"Dayton, TN"
"Palacios, TX"
"New Richmond, WI"
"Bisbee, AZ"
"Coldwater, MI"
"Fairview, TN"
"Adams, NY"
"Granville, NY--VT"
"Pontotoc, MS"
"New Bedford, MA"
"Rochester, MN"
"Salt Lake City--West Valley City, UT"
"White Sulphur Springs, WV"
"Huxley, IA"
"Mount Pleasant, TN"
"Kearney, NE"
"Wheeling, WV--OH"
"Sheboygan, WI"
"El Reno, OK"
"Jacksonville, NC"
"Algona, IA"
"Greenville, TX"
"Benson, AZ"
"Wichita, KS"
"North Webster, IN"
"Greenville, OH"
"Jackson, AL"
"Winterset, IA"
"Albany, MN"
"Kodiak, AK"
"Springhill, LA"
"Sumter, SC"
"Danbury, CT--NY"
"Brattleboro, VT--NH"
"Kalkaska, MI"
"Roaring Spring, PA"
"Mountain City, TN"
"New Albany, MS"
"St. Martinville, LA"
"Frankenmuth, MI"
"Borger, TX"
"Grafton, ND"
"Lake Charles, LA"
"Woodville, FL"
"Burns, OR"
"Helena-West Helena, AR"
"New Concord, OH"
"Lake Conroe Eastshore, TX"
"Logan, OH"
"Dunlap, TN"
"Sullivan, IL"
"Tooele, UT"
"Hanford, CA"
"Sturgis, MI"
"Sparta, WI"
"Heavener, OK"
"Titusville, FL"
"Bishop, CA"
"Milaca, MN"
"Cheraw, SC"
"New Baden, IL"
"Lake Isabella, CA"
"Burlington, NC"
"Clintonville, WI"
"Monticello, IA"
"Rio Grande City--Roma, TX"
"LaFayette, GA"
"Worland, WY"
"Sturgis, SD"
"Winder, GA"
"Craig, CO"
"Provincetown, MA"
"Fairmont, MN"
"Moorefield, WV"
"Maquoketa, IA"
"Kailua (Honolulu County)--Kaneohe, HI"
"Castle Rock, WA"
"Lawton, OK"
"Avalon, CA"
"Penn Yan, NY"
"Gun Lake, MI"
"Gadsden, AL"
"Mansfield, OH"
"Hillsborough, NH"
"Marble Falls, TX"
"Kingsland, TX"
"Sanger, TX"
"Belton, SC"
"Chester, IL"
"Watertown, WI"
"Wabash, IN"
"Fellsmere, FL"
"Mont Belvieu, TX"
"Incline Village, NV--CA"
"Berea, KY"
"Canton, TX"
"Jamestown, OH"
"Carrollton, KY"
"Lynden, WA"
"Alachua, FL"
"Philadelphia, PA--NJ--DE--MD"
"New Haven, CT"
"Kerman, CA"
"Roosevelt, UT"
"Cambridge Springs, PA"
"Navasota, TX"
"Kotzebue, AK"
"Laurel, MS"
"Christopher, IL"
"Espanola, NM"
"Fort Branch, IN"
"Muscatine, IA"
"Ashland, PA"
"Los Molinos, CA"
"McPherson, KS"
"DeWitt, AR"
"Paragould, AR"
"Bastrop, TX"
"Portland, MI"
"Glenville, WV"
"Ridge Manor, FL"
"Galena, KS--MO"
"Picture Rocks, AZ"
"Sylvester, GA"
"Lexington, VA"
"Hampstead, NC"
"Creston, IA"
"Atmore, AL"
"Shannondale, WV"
"Hanover, PA"
"Mecca, CA"
"Mount Vernon, IA"
"Frostproof, FL"
"Avenal, CA"
"Galesburg, IL"